institution,page_url
Whitehead,https://wi.mit.edu/news
Whitehead (MIT News),https://news.mit.edu/topic/whitehead-institute
Koch Institute,https://ki.mit.edu/news
Broad Institute,https://www.broadinstitute.org/news
Harvard Medical School,https://hms.harvard.edu/news
Stanford Medicine,https://med.stanford.edu/news.html
UCSF,https://www.ucsf.edu/news
Fred Hutch,https://www.fredhutch.org/en/news.html
Damon Runyon,https://www.damonrunyon.org/news
LabCentral,https://www.labcentral.org/events-and-media/press-releases
BioLabs,https://biolabs.io
Fierce Biotech,https://www.fiercebiotech.com
BioSpace,https://www.biospace.com
