url,title,human_label,role_nano,conf_nano,why_nano,role_luna_high,conf_luna_high,why_luna_high,role_luna_medium,conf_luna_medium,why_luna_medium,role_luna_low,conf_luna_low,why_luna_low,configs_disagree,any_vs_human_wrong
https://news.mit.edu/2026/podcast-shass-special-sauce-0922,Podcast: SHASS’s special sauce,,facility,0.93,"The article focuses on MIT’s creation and role of the SHASS school, a university restructuring/establishment rather than any individual person’s new lab.",not_relevant,0.98,"The article is a retrospective discussion of SHASS’s history and role, not a report of a new lab, facility, or department formation.",not_relevant,0.99,"The article discusses SHASS’s history and anniversary, not a new lab, facility, department, or prospective lab leader.",not_relevant,0.99,"The article is a retrospective discussion of SHASS and its educational role, not an announcement of a new individual lab, lab facility, or startup.",True,False
https://news.mit.edu/2026/mit-engineering-faculty-staff-receive-awards-0917,MIT School of Engineering faculty and staff receive awards in spring 2026,,not_relevant,0.97,The article lists existing MIT faculty/researchers receiving awards and does not describe any new US research lab or lab space being formed or led by a named person.,prospective,0.84,"The article names an early-career fellow, which qualifies as prospective under the stated criteria.",prospective,0.75,"The article names a research scientist as a Guggenheim Fellowship recipient, which fits the prospective category for a named fellow or award recipient.",prospective,0.86,"The article names a research scientist as a fellowship recipient, which meets the prospective category’s stated criteria.",True,False
https://news.mit.edu/2026/studying-society-accurately-naoki-egami-0916,"Measure by measure, studying society accurately",,not_relevant,0.86,"The article profiles Naoki Egami’s ongoing research and faculty appointment at MIT without describing any new lab space, department restructuring, or a separately named lab that is being newly established.",prospective,0.98,"The article centers on Egami, who newly joined MIT as an associate professor, a role that qualifies as prospective.",not_relevant,0.88,The article profiles a faculty appointment and research career but does not say Egami is starting or operating an individual research lab.,prospective,0.99,"The article’s main subject is Egami, a newly hired associate professor who qualifies as a prospective lab leader under the stated criteria.",True,False
https://news.mit.edu/2026/3-questions-putting-nuclear-waste-into-perspective-0915,3 Questions: Putting nuclear waste into perspective,,prospective,0.78,The article centers on named MIT faculty Haruko Wainwright and describes her ongoing research agenda rather than a new lab space or facility.,not_relevant,0.98,"The article is an interview about Wainwright’s research and views, not an announcement of a new lab, appointment, fellowship, startup, or facility.",not_relevant,0.96,"The article is an interview about an existing professor’s research agenda and does not describe a new individual lab, facility, or startup.",not_relevant,0.98,"The article is an interview about nuclear waste research and policy, with no announcement of a new lab, facility, appointment, fellowship, or startup.",True,False
https://news.mit.edu/2026/building-foundations-that-last-iwnetim-abate-0902,Building foundations that last,,prospective,0.74,"The article focuses on named MIT Assistant Professor Tim Abate and his research group/mentorship, indicating an ongoing individual lab leader rather than a new facility or department.",not_relevant,0.94,"This is a mentorship profile about an established professor and existing research group, not an announcement of a new lab, facility, or startup.",not_relevant,0.95,"The article focuses on Abate’s mentorship recognition and describes an existing research group, not the launch of a new lab.",not_relevant,0.91,"The article focuses on mentorship and an already operating research group; the startup is only mentioned incidentally, not as the subject.",True,False
https://news.mit.edu/2026/electra-aircraft-departs-mit-classroom-and-arrives-at-ohio-factory-0825,A new kind of aircraft departs an MIT classroom and arrives at an Ohio factory,,facility,0.9,"The article centers on scaling an existing company by building a new Ohio manufacturing facility, not on naming an individual’s new lab.",not_relevant,0.93,"The article describes scaling aircraft manufacturing at an established company, not a new research lab or newly founded startup.",not_relevant,0.96,"The article describes an existing aircraft company scaling production at a manufacturing facility, not a new research lab or newly founded startup.",not_relevant,0.91,"The article concerns an established aircraft company and its planned manufacturing facility, not a new research lab or newly founded startup.",True,False
https://news.mit.edu/2026/3-questions-mit-sloan-launches-evening-mba-0811,3 Questions: MIT Sloan launches Evening MBA,,facility,0.86,"The article is about launching a new MBA program at MIT Sloan (a new institutional offering), with no specific new research lab or individual PI lab described.",not_relevant,0.99,"The article describes a new MBA degree program, not a research lab, lab facility, building, or department.",not_relevant,0.99,"The article describes a new degree program, not a research lab, lab space, or prospective lab leader.",not_relevant,0.99,"The article announces an academic degree program, not a research lab, research facility, or prospective lab leader.",True,False
https://news.mit.edu/2026/reframing-leadership-design-problem-nicholas-de-monchaux-0804,Reframing leadership as a design problem,,facility,0.74,"The article focuses on MIT departmental leadership actions and new research/teaching initiatives and infrastructure, including a forthcoming space (the Metropolitan Storage Warehouse), rather than describing an individual newly starting a personal lab.",facility,0.78,"The article describes the department’s forthcoming renovated home and shared workspaces, rather than an individual researcher’s lab.",not_relevant,0.91,"The article is a retrospective on de Monchaux’s departmental leadership, and does not announce a new individual lab, new lab facility, or newly formed department.",facility,0.98,"The article focuses on de Monchaux’s tenure leading a department and its infrastructure, not on his own individual research lab.",True,False
https://news.mit.edu/2026/alexander-rakhlin-named-director-mit-statistics-data-science-center-0803,Alexander Rakhlin named director of  the MIT Statistics and Data Science Center,,facility,0.86,"The article focuses on an established center selecting a new director, not on starting a new individual research lab.",not_relevant,0.96,"The article announces leadership of an existing center, not a new individual lab, facility, or department.",not_relevant,0.98,"The article is about Rakhlin leading an existing center, not starting an individual lab or establishing new lab facilities.",facility,0.99,"The article is about Rakhlin directing an existing center, not starting his own individual research lab.",True,False
https://news.mit.edu/2026/using-reason-again-and-again-brian-hedden-0802,"Using reason, again and again",,not_relevant,0.78,The article profiles MIT faculty Brian Hedden and his research and administrative role (including PI status at an existing lab) but does not describe a newly starting lab space or a future new lab.,prospective,0.87,"Hedden returned to MIT as a newly appointed faculty member in 2025, which meets the prospective category even though the article does not describe a new lab opening.",prospective,0.83,"The article describes Hedden’s recent return to MIT as a faculty hire, which fits the prospective category.",prospective,0.98,"The article is about Brian Hedden, a newly returned MIT faculty member and principal investigator, which qualifies as prospective.",True,False
https://news.mit.edu/2026/mit-projects-selected-funding-under-doe-genesis-mission-0723,MIT projects selected for funding under US Department of Energy’s Genesis Mission,,facility,0.7,"The article focuses on DOE Genesis Mission-funded projects and research leadership/participation, describing new collaborative funding initiatives rather than any specific newly starting individual lab.",not_relevant,0.99,"The article reports funding for collaborative research projects, not a new individual lab, lab facility, or startup.",not_relevant,0.98,"The article reports funding selections for collaborative research projects, not the launch of a new lab, facility, or startup or the appointment of a prospective lab leader.",not_relevant,0.98,"The article reports collaborative research projects selected for funding, not a new individual lab, lab facility, or startup.",True,False
https://news.mit.edu/2026/helping-ai-models-meet-real-world-0714,Helping AI models to meet the real world,,prospective,0.78,"The article centers on Devavrat Shah and describes his co-founding of a spinoff company (Ikigai Labs), signaling a prospective new lab via startup/spinout rather than new lab facility space.",prospective,0.97,"The article centrally discusses Ikigai Labs, a spinoff company co-founded by Shah.",not_relevant,0.89,"The article profiles Shah’s existing research and a spinoff founded in 2019, rather than announcing a new lab or company.",prospective,0.99,"The article describes the founding of a spinoff company, which qualifies as prospective.",True,False
https://news.mit.edu/2026/arthur-bahr-named-head-mit-literature-section-0713,Arthur Bahr named head of MIT’s Literature Section,,facility,0.96,The article describes a leadership appointment heading an academic unit (MIT Literature Section) rather than naming a new individual research lab starting up.,not_relevant,0.98,"The article describes a leadership appointment in an existing section, not a new individual research lab, facility, or department formation.",not_relevant,0.97,"This is a leadership appointment in an existing academic section, not a new research lab, facility, or department formation.",facility,0.99,"The article concerns leadership of an academic section, not Bahr’s own individual research lab.",True,False
https://news.mit.edu/2026/jesse-thaler-named-director-laboratory-nuclear-science-0707,Jesse Thaler named director of the Laboratory for Nuclear Science,,facility,0.9,The article focuses on appointing a director for an existing university laboratory (MIT LNS) rather than creating a new individual lab or startup.,not_relevant,0.96,"The article announces a new director for an established laboratory, not a new individual research lab, facility, or department.",not_relevant,0.94,"The article describes a leadership change at an established laboratory, not a new facility, department, or individual research lab.",not_relevant,0.96,"Thaler is appointed to lead an already established institutional laboratory, and the article does not describe a new individual lab, facility, or department.",True,False
https://news.mit.edu/2026/lerna-ekmekcioglu-named-head-history-section-0702,Lerna Ekmekcioglu named head of MIT’s History Section,,facility,0.87,"The article is about appointing a new head for an existing MIT department unit (the History Section), not about establishing or operating a new individual research lab.",facility,0.99,"The article concerns her appointment to lead a section, not the operation of her own individual research lab.",not_relevant,0.97,"The article reports a section leadership appointment, not a new individual research lab or lab facility.",facility,0.99,"The article concerns her appointment to lead an academic section, not the establishment or operation of her individual research lab.",True,False
https://news.mit.edu/2026/building-scholarly-community-shass-faculty-fellows-0702,Building a scholarly community,,not_relevant,0.93,"The article describes a faculty fellowship/sholarly community program and ongoing research discussions, not the creation of a new research lab or lab space.",prospective,0.98,"The article centers on professors named as participants in a new Faculty Fellows cohort, which qualifies as prospective.",prospective,0.98,"The article centers on a cohort of named faculty fellows, which qualifies as prospective under the stated criteria.",prospective,0.99,"The article’s main subject is a cohort of named Faculty Fellows, which qualifies as prospective under the stated criteria.",True,False
https://news.mit.edu/2026/boleslaw-wyslouch-steps-down-director-laboratory-nuclear-science-0701,Boleslaw Wyslouch steps down as director of Laboratory for Nuclear Science,,prospective,0.78,"The article centers on a named scientist (Wyslouch) moving to lead a specific subgroup center (Bates Research and Engineering Center within LNS), signaling an ongoing/new leadership research role tied to his own lab/group rather than a general facility restructuring.",not_relevant,0.97,"The article focuses on a leadership transition at a long-established laboratory, not a new individual lab or facility.",not_relevant,0.96,"The article is primarily about a director stepping down and continuing existing research, not a new individual lab, facility, or department.",not_relevant,0.98,"The article is about a director stepping down and continuing research, not a new individual lab, facility, or qualifying prospective role.",True,False
https://news.mit.edu/2026/susan-solomon-named-tang-prize-laureate-0617,Susan Solomon named 2026 Tang Prize laureate,,not_relevant,0.96,The article reports an award for an existing MIT professor and does not describe starting a new lab or lab facility.,not_relevant,0.99,"The article is about an award recognizing an established scientist and does not describe a new individual lab, facility, or startup.",prospective,0.87,"The article names Solomon as a research award recipient, which falls under the prospective category.",not_relevant,0.99,"The article focuses on an award recognizing Solomon’s past research and leadership, not a new lab, facility, or prospective lab leader.",True,False
https://news.mit.edu/2026/jinhua-zhao-named-head-department-urban-studies-planning-0611,Jinhua Zhao named head of the Department of Urban Studies and Planning,,facility,0.88,The article is about a named person being appointed head of an existing/restructured department rather than about creating a new individual research lab or startup.,not_relevant,0.96,"The article reports an appointment to lead an existing department, not a new lab, facility, or department formation, and Zhao’s lab is already operating.",prospective,0.86,"Although the article focuses on his appointment as department head, it separately identifies his operating individual research lab, which meets the stated exception.",facility,0.99,"The article is about Zhao leading a department, and it does not describe his individual research lab as newly operating.",True,False
https://news.mit.edu/2026/mit-quantum-initiative-launches-postdoctoral-fellowship-0831,MIT Quantum Initiative launches postdoctoral fellowship program,prospective,prospective,0.78,The article focuses on launching a new postdoctoral fellowship that will place early-career researchers as the program’s key output.,prospective,0.99,"The article announces a postdoctoral fellowship cohort, which qualifies as prospective under the stated criteria.",not_relevant,0.94,"The article announces a fellowship program but names no fellows and describes no individual lab, new lab space, building, or department formation.",prospective,0.99,"The article announces a postdoctoral fellowship program and its incoming fellows, which qualifies as prospective under the stated criteria.",True,True
https://news.mit.edu/2026/dna-shaper-steers-nervous-system-development-0817,DNA shaper steers nervous system development,,not_relevant,0.93,"The article describes ongoing research findings in an existing MIT lab and does not announce a new lab, lab space, or a named person starting a new lab or startup.",not_relevant,0.99,"The article reports research findings from an existing lab and does not describe a new lab, facility, or qualifying appointment.",prospective,0.87,"Dongyeop Lee is identified as a postdoc and is a central researcher in the article, which meets the prospective criterion.",not_relevant,0.99,"The article reports research findings from an existing lab and does not announce a new lab, facility, or qualifying appointment.",True,False
https://news.mit.edu/2026/department-of-biology-kitchen-karen-o-leary-0622,Meet the leader of the Department of Biology’s all-important “kitchen”,,facility,0.93,"The article centers on a Glassware Sterilization Facility (“kitchen”) and staffing/operations supporting lab work, not on a newly named individual starting their own research lab.",not_relevant,0.95,"The article profiles a long-serving staff member and mentions the building only as background, not as a newly established research lab or facility.",not_relevant,0.97,"The article profiles a long-serving facility staff member and does not report a new lab, building, or department formation.",not_relevant,0.99,"The article profiles a long-serving staff member who manages a glassware sterilization facility, not a new lab, lab leader, or research facility.",True,False
https://news.mit.edu/2026/harriet-having-it-all-0612,Harriet having it all,,prospective,0.82,"The article describes Harriet Robinson co-founding the biotech startup GeoVax, indicating a new research lab-type venture tied to her prospective leadership.",not_relevant,0.96,"This is a retrospective biography of a retired researcher, and the company founding described occurred in 2001 rather than signaling a new lab or startup.",not_relevant,0.99,"The article is a retrospective biography of a retired scientist, and GeoVax’s founding and her earlier lab work are historical rather than new developments.",prospective,0.98,"The article’s subject co-founded a biotechnology company, which qualifies as a newly founded startup or spinout.",True,False
https://news.mit.edu/2026/advancing-stem-cell-research-building-next-generation-biologists-giselle-valdes-0611,Advancing stem cell research and building the next generation of biologists,,prospective,0.72,"The article centers on a named MIT PhD student whose future career is described as moving toward a faculty role after her doctorate, indicating potential to start her own research lab.",prospective,0.94,"The article centers on a named fellowship recipient, which meets the prospective category even though she plans to pursue a postdoc and faculty role later.",prospective,0.98,"The article identifies Valdes as a fellowship recipient, which qualifies as prospective under the stated criteria.",not_relevant,0.99,"The article profiles a current doctoral student who hopes to pursue a postdoc and faculty role later, but does not describe a qualifying fellowship, appointment, startup, or new lab or facility.",True,False
https://news.mit.edu/2026/biologist-joey-davis-explores-how-cells-build-complex-structures-0505,Biologist Joey Davis explores how cells build complex structures,,prospective,0.78,"The article focuses on MIT Associate Professor Joey Davis and explicitly states he joined the faculty and assembled a lab group, indicating an operating individual research group rather than a new facility. ",not_relevant,0.98,"The article profiles an established professor and his ongoing research, not a new lab, facility, appointment, fellowship, or startup.",not_relevant,0.98,"This profiles an established faculty member and his existing research lab, not a new lab, facility, or startup.",not_relevant,0.98,"The article profiles an established associate professor and his ongoing research, not a new lab, facility, or prospective lab founder.",True,False
https://news.mit.edu/2026/michael-laub-and-mit-alumni-named-aaas-fellows-0417,Professor Michael Laub and MIT alumni named 2025 AAAS Fellows,,not_relevant,0.96,"The article reports honors (being elected AAAS Fellows) and does not describe any new lab, lab leader, or newly formed research facility.",prospective,0.99,"The article announces that Laub and MIT alumni were named AAAS Fellows, which qualifies as a fellows cohort under the criteria.",prospective,0.99,"The article is about named recipients elected as AAAS Fellows, which falls under the prospective category.",prospective,0.99,"The article announces named scientists as members of the 2025 AAAS Fellows class, which qualifies as a fellowship cohort.",True,False
https://news.mit.edu/2026/enduring-passions-medicine-journalism-triathlons-alex-tang-0325,"Enduring passions for medicine, journalism, and triathlons",,not_relevant,0.93,"The article describes an undergraduate’s existing research and future education plans, not the creation of a new lab or facility or a named person starting their own lab.",prospective,0.98,"The article profiles a named award recipient, which qualifies as prospective under the screening criteria.",prospective,0.99,"The article profiles Tang as a Goldwater Scholarship recipient, which qualifies as prospective under the stated criteria.",prospective,0.96,"The article profiles a Goldwater Scholarship recipient, which qualifies as prospective under the stated criteria.",True,False
https://news.mit.edu/2026/robotic-lab-runs-optics-experiments-on-demand-0917,Robotic lab sets up and runs optics experiments on demand,,facility,0.9,"The article focuses on creating and expanding a robotic optics lab that autonomously builds and runs experiments, not on any specific new individual lab being started.",not_relevant,0.94,"The article reports a research system developed by an existing MIT team, not the establishment of new lab space or an individual researcher’s own lab.",not_relevant,0.93,"The article describes a research technology developed by a team, not a new research facility or an individual’s prospective lab.",not_relevant,0.98,"The article reports a research system developed by an existing team, not a new individual lab, facility, department, or startup.",True,False
https://news.mit.edu/2026/mit-makes-progress-campus-climate-goals-0915,MIT makes progress on campus climate goals,,facility,0.9,The article primarily describes campus infrastructure and building renovations (including a lab-by-lab renovation and planned new quantum research lab space) rather than naming an individual’s future lab.,not_relevant,0.96,The article focuses on campus decarbonization; the planned quantum research laboratory is mentioned only incidentally in a building-renovation example.,not_relevant,0.97,"The article is about MIT’s campus decarbonization progress, and the planned quantum research laboratory appears only as an incidental example of an energy-efficient renovation.",not_relevant,0.98,"The article focuses on campus decarbonization progress and infrastructure, not on establishing a research lab, facility, or new organization.",True,False
https://news.mit.edu/2026/playing-against-climate-risk-0831,Playing against climate risk,,not_relevant,0.9,The article describes a funded research project developing climate-risk games rather than a new lab being formed or a person being positioned to start a new lab.,prospective,0.78,"The article names a postdoc as a key contributor to the research, which falls under the prospective category even though it does not say they are starting a lab.",not_relevant,0.96,"The article describes an ongoing climate-adaptation research project, while the postdoc is mentioned only as a contributor and no new lab or lab leader is announced.",not_relevant,0.98,"The article describes an ongoing research project and its methods, not a new individual lab, lab facility, or qualifying prospective lab leader.",True,False
https://news.mit.edu/2026/gage-coon-earth-scientist-exploring-power-microbes-0828,Gage Coon: An Earth scientist exploring the power of microbes,,prospective,0.78,"The article profiles a current PhD student conducting ongoing research and explicitly discusses his plans to continue in academia or apply environmental technologies, signaling a prospective future lab leader rather than a new facility or department.",not_relevant,0.98,"The article profiles a current PhD student and does not describe a new individual lab, qualifying appointment, fellowship, startup, or facility.",not_relevant,0.99,"The article profiles a current PhD student and his research, without describing a new lab, qualifying appointment, fellowship, or startup.",not_relevant,0.99,"The article profiles a current PhD student's research and does not describe a new lab, appointment, fellowship, or startup.",True,False
https://news.mit.edu/2026/tackling-rare-genetic-disorders-patient-focused-science-shannon-knight-0818,Tackling rare genetic disorders with patient-focused science,,prospective,0.9,"The article centers on Shannon Knight’s ongoing doctoral research and her stated plan to continue training with the goal of eventually becoming a faculty member, indicating a prospective future lab leader rather than a new facility.",not_relevant,0.96,"The article profiles a current PhD student who plans to pursue postdoctoral research, but does not say she has been appointed to a postdoctoral position or is starting a lab.",not_relevant,0.94,"The article profiles a current doctoral student working in an existing lab, and her postdoctoral research is only a future plan; it does not report a new lab or qualifying appointment.",not_relevant,0.98,"The article profiles a current doctoral student’s research and teaching, and her postdoctoral plans do not identify her as a fellow or indicate a prospective lab.",True,False
https://news.mit.edu/2026/how-influx-salt-may-affect-microbial-ecosystems-0717,How an influx of salt may affect microbial ecosystems,,not_relevant,0.86,The article describes existing research findings about salt effects on microbial ecosystems and does not report a newly forming lab space or any person’s lab being newly established.,prospective,0.94,"The article identifies its lead author as a postdoc, which qualifies as prospective under the stated criteria.",not_relevant,0.96,"The article is about research findings, and the named postdoc is mentioned as the study’s lead author rather than as the subject of a lab or career announcement.",not_relevant,0.96,"The article is about research findings; the postdoc is mentioned as the study’s lead author, not as the subject of a prospective lab announcement.",True,False
https://news.mit.edu/2026/understanding-world-from-cold-war-to-age-of-ai-0917,"Understanding the world, from the Cold War to the age of AI",,not_relevant,0.93,The article describes an existing MIT center and its programs and leadership rather than naming a new individual lab or a newly created lab facility.,not_relevant,0.96,"The article is about the history and ongoing work of an established center, not a new individual lab, lab facility, department, fellow, or startup.",not_relevant,0.94,"The article is primarily a retrospective and overview of CIS, not an announcement of a new individual lab, lab space, building, or department.",facility,0.94,"The article centers on the established Center for International Studies and its programs, rather than a newly named person’s individual lab or a new startup.",True,False
https://news.mit.edu/2026/pink-noise-burst-may-mean-more-restorative-sleep-0909,A burst of “pink noise” may lead to more restorative sleep,,prospective,0.62,"The article describes a lead author starting a company to develop a device, indicating a new prospective research-oriented venture rather than a new lab facility.",not_relevant,0.94,"The article is primarily about research findings; Levitt’s company is only an incidental mention, not the article’s subject.",not_relevant,0.94,"The article focuses on sleep research findings, while Levitt’s newly started company is only an incidental mention.",prospective,0.98,"The article reports that a researcher has started a company, which qualifies as a newly founded startup or spinout.",True,False
https://news.mit.edu/2026/archived-building-18-updates-0830,Archived: Building 18 Updates,,facility,0.98,"The article solely reports MIT Building 18 being closed and reopening after a hazardous materials incident, with no new individual lab or prospective lab leader described.",not_relevant,0.99,"The article reports a hazardous-material incident and temporary building closure, not a new lab, facility, or research group.",not_relevant,0.99,"The article reports a hazardous-material incident and the reopening of an existing building, not a new lab, facility, or research group.",not_relevant,0.99,"The article reports a hazardous-material incident and building decontamination, not a new research lab, facility, or prospective lab leader.",True,False
https://wi.mit.edu/news/conversation-about-whiteheads-next-chapter,A Conversation About Whitehead's Next Chapter,,facility,0.74,"The article discusses philanthropy and the Whitehead Fellows Program enabling future independent labs, but it does not indicate any specific new lab being launched in the US; the focus is institutional support and programs rather than a newly named individual’s operating lab.",not_relevant,0.98,"The article is about Whitehead’s future and philanthropy, mentioning its Fellows Program only as historical context rather than announcing a new lab or facility.",not_relevant,0.97,"The article discusses Whitehead’s institutional direction and philanthropy, not a specific new lab, facility, or prospective lab leader.",not_relevant,0.97,"The article discusses the institute’s history, philanthropy, and existing fellows program, not a newly named fellow, individual lab, or new facility.",True,False
https://wi.mit.edu/stem-cell-core,Stem Cell Core,,facility,0.97,"The article describes an existing directed stem cell core facility providing services and training, not an individual starting a new lab.",not_relevant,0.98,"The article describes an established shared stem cell facility, not a newly opened lab, new facility, or individual research lab.",not_relevant,0.95,"The article describes an established stem cell facility founded in 2005, not a newly established lab, facility, or department.",facility,0.99,"The article describes an established shared stem cell facility and its services, not an individual researcher’s own lab.",True,False
https://www.broadinstitute.org/bios/marco-colonna,Marco Colonna,,not_relevant,0.9,"The text profiles an existing principal investigator and his research background, without indicating a new lab, lab space, or newly forming institution.",not_relevant,0.97,"This is a profile of an established researcher and does not announce a new lab, appointment, facility, or startup.",not_relevant,0.98,"This is a profile of an established investigator and does not announce a new lab, appointment, facility, or startup.",prospective,0.88,"The article identifies Colonna as a principal investigator, indicating an individual research group leader.",True,False
https://hms.harvard.edu/news/ode-science,An Ode to Science,,not_relevant,0.93,"The article describes symposium awards and historical scientific advances, not the opening of a new US research lab or new individual lab being formed.",prospective,0.97,"The article centers on prize recipients, and the stated criteria classify award recipients as prospective.",not_relevant,0.98,"The article covers an established symposium and past scientific achievements, not a new lab, facility, or prospective lab leader.",not_relevant,0.99,"The article reports on a symposium celebrating past discoveries and treatments, not a new lab, facility, prospective lab leader, or startup.",True,False
https://hms.harvard.edu/news/honoring-cf-pioneers,Honoring CF Pioneers,,not_relevant,0.99,The article describes an award honoring past scientists’ discoveries and does not indicate creation of a new lab space or a named person starting a new lab.,prospective,0.88,"The article centers on scientists receiving an award, which the criteria classify as prospective.",not_relevant,0.96,The article honors established scientists for past discoveries and does not announce a new lab or a prospective lab leader.,not_relevant,0.99,"The article honors scientists for past research discoveries and does not announce a prospective lab, new lab space, or departmental restructuring.",True,False
https://www.damonrunyon.org/scientists/stephanie-gaglione-phd,"Stephanie A. Gaglione, PhD",,prospective,0.78,"The article centers on Dr. Stephanie A. Gaglione’s planned research work using new tools, indicating an ongoing/initiated individual research endeavor rather than a new lab facility or unrelated content.",not_relevant,0.91,"The article describes a research project but does not identify Dr. Gaglione as a new PI, fellow, award recipient, or founder.",not_relevant,0.93,"The text describes a research project but does not state that Gaglione received an award or fellowship, was newly appointed, or is starting a lab.",not_relevant,0.91,"The article describes planned research but does not say Dr. Gaglione is a new hire, fellow, award recipient, or founder of a startup.",True,False
https://www.damonrunyon.org/scientists/jaejin-kim-phd,"Jaejin Kim, PhD",,prospective,0.55,"The text centers on Dr. Kim’s research aims to uncover tissue memory mechanisms, indicating an individual researcher’s prospective lab focus rather than new facilities or a restructuring event.",not_relevant,0.91,"The article describes Dr. Kim’s research aims and background but does not state that he is starting a lab, receiving an award or fellowship, or establishing a facility.",not_relevant,0.91,"The article describes Dr. Kim’s research aims but does not say he is starting a lab, receiving an award, or establishing a facility.",not_relevant,0.88,"The article describes a research aim but does not state that Dr. Kim is starting a lab, received a qualifying award, or is associated with new lab space.",True,False
https://www.biolabs.io/post/launch-of-applications-for-the-abbvie-japan-innovation-award-in-partnership-with-biolabs,Launch of Applications for the AbbVie Japan Innovation Award In Partnership with BioLabs,,facility,0.86,The article mainly announces the Golden Ticket Program tied to access to a newly established incubation facility (BioLabs Tokyo) rather than any specific individual’s future or operating lab.,not_relevant,0.99,"The article describes an award and a new laboratory in Tokyo, not a new research lab in the United States.",not_relevant,0.99,"The article describes an award and a new laboratory facility in Japan, not a new research lab in the US.",facility,0.99,"The article announces an award program tied to BioLabs Tokyo’s new laboratory facility, not a specific person’s individual lab or a newly founded startup.",True,False
https://www.biolabs.io/post/abbvie-joins-biolabs-tokyo-as-a-founding-sponsor-to-accelerate-life-sciences-innovation,AbbVie Joins BioLabs Tokyo as a Founding Sponsor to Accelerate Life Sciences Innovation,,facility,0.86,"The article is about launching and operating a new BioLabs Tokyo innovation hub with shared lab facilities, not about a specific person starting an individual research lab.",not_relevant,0.99,"The article describes a new BioLabs facility in Japan, not a research lab in the US.",not_relevant,0.99,"The article describes a new laboratory hub in Tokyo, Japan, not a new research lab or facility in the US.",facility,0.99,"The article is about launching a shared laboratory innovation hub in Tokyo, not an individual person's research lab or a new startup.",True,False
https://www.biolabs.io/post/abbvie-expands-global-partnership-with-biolabs-and-joins-biolabs-university-of-toronto-as-a-founding,AbbVie Expands Global Partnership with BioLabs and Joins BioLabs University of Toronto as a Founding Sponsor of the Site,,facility,0.93,"The article focuses on launching a new BioLabs University of Toronto shared laboratory facility and AbbVie’s sponsorship, not on an individual named person starting an individual research lab.",not_relevant,0.99,"The article describes a new shared laboratory facility in Toronto, Canada, not a new research lab in the US.",not_relevant,0.99,"The article describes a new lab facility in Toronto, Canada, not a new research lab in the US.",not_relevant,0.99,"The article announces a new shared laboratory facility in Toronto, Canada, not a new research lab in the US.",True,False
https://www.biolabs.io/post/daiichi-sankyo-joins-biolabs-san-diego-as-platinum-sponsor,Daiichi Sankyo Joins BioLabs San Diego as Platinum Sponsor,,facility,0.9,"The article focuses on BioLabs San Diego as a shared laboratory space and its sponsorship, not on any individual lab being newly created by a specific person.",not_relevant,0.97,"The article is about a sponsorship of an existing shared-lab incubator, not a new lab, facility, department, or startup.",not_relevant,0.97,"The article announces a sponsorship of an existing shared-lab site, not a new lab, facility, or startup.",not_relevant,0.95,"The article announces a sponsorship of an existing shared-lab incubator, not a new lab, facility, department, or startup.",True,False
https://www.biolabs.io/post/abbvie-japan-announces-winners-of-the-innovation-award,AbbVie Japan Announces Winners of the Innovation Award,,not_relevant,0.9,"The article announces award winners for startups and mentorship and only mentions future coworking facility usage, not a new US research lab being created with an individual lab or department formation.",not_relevant,0.97,"The article announces awards to existing Japanese startups and mentions a future BioLabs facility in Japan, not a new US lab.",not_relevant,0.98,"The article reports awards and a planned facility in Japan, not a new research lab in the US.",facility,0.98,"The article’s main subject is an innovation award, and its relevant lab signal is a new BioLabs facility in Japan, not in the US.",True,False
https://www.biolabs.io/post/biolabs-tum-innovation-hub-munich,Launching BioLabs | TUM: Where science powers startups,,facility,0.92,"The article describes launching a new biotechnology innovation hub with refurbished lab space and office areas for startups, not the prospective creation of a specific individual researcher’s lab.",not_relevant,0.99,"The article describes a new shared biotech lab hub in Munich, Germany, not a new research lab in the US.",not_relevant,0.99,"The article announces a new shared biotech lab hub in Munich, Germany, not in the US.",facility,0.99,"The article announces a new shared laboratory hub and facility, not an individual person's research lab.",True,False
https://www.biolabs.io/post/clinical-incubator-berlin-biolabs-bih,BIH and BioLabs Launch Clinical Incubator to Accelerate Translational Biotech in Berlin,,facility,0.94,"The article’s main subject is the launch of a new hospital-embedded clinical incubator facility (CLIC), not an individual’s new lab or prospective PI lab.",not_relevant,0.99,"The article describes a new incubator in Berlin, not a research lab or facility in the US.",not_relevant,0.99,"The article describes a newly launched incubator in Berlin, not a new research lab or facility in the US.",not_relevant,0.99,"The article describes a new incubator in Berlin, not a new research lab or facility in the US.",True,False
https://www.biolabs.io/post/the-grand-opening-of-spartners-at-paris-saclay,We Celebrate the Grand Opening of Spartners by Servier &#38; BioLabs at Paris-Saclay : A Premier Global Innovation Hub for Life Sciences,,facility,0.93,"The article centers on the grand opening of an incubator/lab space (Spartners by Servier & BioLabs), not on an individual named person starting a new lab.",not_relevant,0.98,"The article describes an incubator opening in France, not a new research lab or facility in the US.",not_relevant,0.98,"The article describes an incubator opening in Paris-Saclay, France, not a new research lab or facility in the US.",facility,0.98,"The article’s main subject is the opening of a life-sciences incubator and its lab space, not an individual researcher’s lab.",True,False
https://www.biolabs.io/post/bioinnovation-labs-biolabs-labcentral-and-mbc-biolabs-announce-strategic-partnership-with-abbvie,"BioInnovation Labs (BioLabs), LabCentral and MBC BioLabs Announce Strategic Partnership with AbbVie to Boost Innovation in key biotech clusters in the US and Europe.",,facility,0.78,"The article describes an existing network of shared lab facilities and a partnership to sponsor free bench space for startups, not the emergence of an individual person's new research lab.",not_relevant,0.98,"The article describes a partnership supporting existing biotech incubators and startups, not a new individual lab, facility, or startup.",not_relevant,0.98,"The article announces a partnership to support existing biotech networks and facilities, not a new individual lab, lab space, or startup.",not_relevant,0.96,"The article announces a partnership supporting existing biotech startups and shared lab facilities, not a new individual lab, lab space, or startup.",True,False
https://www.biolabs.io/post/link-j-biolabs-and-mitsui-fudosan-to-launch-collaboration-to-strengthen-the-startup-ecosystem-in-th,"LINK-J, BioLabs and Mitsui Fudosan to Launch Collaboration to Strengthen the Startup Ecosystem in the Life Sciences Field ""LINK-BioBAY TOKYO""",,facility,0.78,"The article focuses on launching and operating a shared startup incubation cluster and planning additional laboratory/office space, rather than naming an individual’s new operating research lab.",not_relevant,0.91,"The announced cluster and planned additional laboratory space are in Tokyo, while the Boston activity base is at an already existing shared lab, so the article does not announce a new US lab.",facility,0.84,"The collaboration plans to launch additional shared laboratory and office space, and the article names no individual research lab as its subject.",facility,0.97,"The article announces a startup incubation cluster and plans for shared laboratory space, not an individual researcher’s lab or a newly founded startup.",True,False
https://www.biolabs.io/post/biolabs-partners-with-klsap-announces-2024-accelerator-program-startups,BioLabs Partners with KLSAP Announces 2024 Accelerator Program Startups,,prospective,0.82,"The article announces selected startups (Enterobiome, LinqMed, Physiologas) entering an accelerator program, indicating prospective research/innovation labs via new startup formation and development rather than new shared lab facilities or research findings.",not_relevant,0.96,"The article announces existing startups joining an accelerator program, not a newly founded company, individual research lab, or new lab facility.",not_relevant,0.94,"The article announces existing startups selected for an accelerator program, but does not say a startup is newly founded or describe a new lab or facility.",prospective,0.98,"The article announces newly selected life science startups, which are prospective under the stated criteria.",True,False
https://www.biolabs.io/post/biolabs-announces-new-collaboration-with-astellas-to-support-sakulab-tsukuba,BioLabs Announces New Collaboration with Astellas to Support SakuLab™-Tsukuba,,facility,0.72,"The article focuses on a collaboration to support an innovation hub/shared lab space (SakuLab™-Tsukuba), not on a specific named individual starting or leading a new research lab in the US.",not_relevant,0.99,"The article describes a collaboration supporting an existing innovation hub in Japan, not a new US lab, facility, or prospective lab leader.",not_relevant,0.98,"The article describes a partnership supporting an existing innovation hub in Japan, not a new US lab, facility, or prospective lab leader.",not_relevant,0.99,"The article describes support for an innovation hub in Japan, not a new US lab, facility, or prospective lab leader.",True,False
https://www.biospace.com/job-trends/growth-mode-3-biotechs-that-are-staffing-up-after-series-b-raises,Growth mode: 3 biotechs that are staffing up after series B raises,prospective,prospective,0.9,"The article is about biotech companies expanding and hiring after series B raises, signaling growth in existing labs rather than new facilities or departmental restructuring.",not_relevant,0.91,"The article covers hiring and growth at existing biotechs, without reporting a newly founded startup or a new individual research lab or facility.",not_relevant,0.94,"The article is about established biotechs raising funds and hiring, and does not describe a new US lab, facility, or newly founded company.",not_relevant,0.96,"The article covers hiring and financing at existing biotechs, but does not describe a new individual lab, lab facility, department, or newly founded company.",True,True
https://www.biospace.com/job-trends/pharmas-face-off-for-manufacturing-talent-amidst-reshoring-efforts,Pharmas face off for manufacturing talent amidst reshoring efforts,,facility,0.84,"The article focuses on pharma companies building and expanding U.S. manufacturing sites (new facilities and campuses) that require staffing, rather than any specific person’s newly forming lab.",not_relevant,0.88,"The article focuses on staffing pharmaceutical manufacturing sites, not on a new research lab, lab space, or individual research group.",not_relevant,0.94,"The article focuses on staffing pharmaceutical manufacturing sites, not a new research lab, lab space, or research department.",facility,0.96,"The article focuses on pharmaceutical companies expanding and building manufacturing facilities, without describing any individual person's research lab.",True,False
