institution,feed_name,category,title,published,url,full_text,review,notes
BioSpace,All,trade_news,Growth mode: 3 biotechs that are staffing up after series B raises,"Thu, 24 Sep 2026 04:00:00 GMT",https://www.biospace.com/job-trends/growth-mode-3-biotechs-that-are-staffing-up-after-series-b-raises,"Biotechs that announced series B financing this year and are expanding their workforces include one that raised $2.1 billion and has partnerships with Eli Lilly, Johnson & Johnson and Novartis.
When making their target list of prospective employers, biopharma professionals may want to include companies that recently received series B financing. This second round of funding is awarded to businesses that are past the initial startup stage, have achieved key milestones and want to accelerate growth.
Here are three biotechs that announced series B raises this year and are hiring.
Tenpoint Therapeutics: $85 million
Tenpoint Therapeutics is developing treatments to rejuvenate vision in the aging eye. By understanding patient needs and partnering with eye care professionals, the Warren, New Jersey–based company hopes to set a new standard for care in presbyopia, an age-related condition affecting near vision.
The biotech’s pipeline consists of three programs, including Yuvezzi, which received FDA approval in January for the treatment of presbyopia. The remaining programs, both at the preclinical stage, are TPT-161 and TPT-005 for the treatment of presbyopia/cataracts and geographic atrophy, respectively.
In January, Tenpoint announced it had raised $85 million in series B funding and entered into a $150 million nondilutive senior secured term loan facility with Hercules Capital. The biotech has been using the combined $235 million to accelerate commercialization of Yuvezzi. In March, Tenpoint announced the dual-agent eye drop was available nationwide across the United States. In August, it revealed a strategic partnership with Lupin to commercialize Yuvezzi in the European Union, the United Kingdom, Switzerland, Norway and Iceland.
Tenpoint is hiring for several positions, including thought leader liaison for the West region, a remote position based in California; area sales director for the Southeast, a remote position based in either Georgia, North Carolina, South Carolina or Virginia; and specialty sales manager for Portland, a remote position based in Portland.
Osanni Bio: $190 million
San Francisco–based Osanni Bio is focused on reinventing the discovery and development of new medicines by approaching the science of disease with modern technology and a beginner’s mindset. Its leadership team includes Founder and CEO Michael Ackermann, a serial entrepreneur, inventor and scientist who is also co-founder and chairman of Tarsus Pharmaceuticals and Oyster Point Pharma. In addition, Ackermann is co-founder and former CEO of Oculeve, which was acquired by Allergan, an AbbVie company, and Presidio Medical.
Osanni’s team is charged with discovering scientific insights, designing novel drug concepts and advancing programs to a meaningful proof-of-concept. Once a program is sufficiently derisked, it moves into the biotech’s ecosystem of affiliate companies, called “avians.” Each avian is equipped with the specialized talent, capital and strategic support needed to scale. Osanni is advancing programs in ophthalmology, cardiology and beyond.
In June, the biotech announced it had closed $190 million in series B financing. Osanni noted it will use the funds to advance its pipeline of programs and fuel the scaling of its discovery and development process.
The biotech is hiring for several positions, including nonclinical study manager, principal applied AI engineer and manager, product quality lead.
Isomorphic Labs: $2.1 billion
Based in London, Isomorphic Labs aims to apply its artificial intelligence (AI) drug design engine, IsoDDE, to deliver biomedical breakthroughs and advance drug design programs across multiple therapeutic areas and drug modalities.
The biotech has strategic research partnerships with Eli Lilly, Johnson & Johnson and Novartis. The partnership with Lilly focuses on discovering small molecule therapeutics against multiple undisclosed targets, while the one with J&J is dedicated to developing new therapeutics across various modalities, with an eye toward addressing challenging diseases traditionally out of reach. The collaboration with Novartis began with work on discovery of small molecule therapeutics against three challenging targets and has expanded to add three additional research programs.
In May, Isomorphic announced it had raised $2.1 billion in series B funding. The company intends to use the financing for continued development and deployment of IsoDDE so it can accelerate and expand its pipeline of therapeutic programs toward the clinic. The raise is also expected to support hiring needs.
Isomorphic is looking to fill about two dozen positions, including application support engineer (third party systems) in London; associate director, clinical program management, in Cambridge, Massachusetts; bioinformatics engineer in London; head of medicinal chemistry, drug design, in London; and research leader/senior scientist (in vitro/cellular pharmacology) in Cambridge.",prospective,"Osanni Bio is hiring for several positions, including nonclinical study manager, principal applied AI engineer and manager, product quality lead. Isomorphic is looking to fill about two dozen positions, including application support engineer (third party systems) in London; associate director, clinical program management, in Cambridge, Massachusetts; bioinformatics engineer in London; head of medicinal chemistry, drug design, in London; and research leader/senior scientist (in vitro/cellular pharmacology) in Cambridge."
BioLabs,Blog,incubator,BioLabs Expands and Rebrands Philadelphia Location as BioLabs for Advanced Therapeutics,"Mon, 17 Mar 2025 16:03:32 GMT",https://www.biolabs.io/post/biolabs-for-advanced-therapeutics-coming2025,"BioLabs Expands and Rebrands Philadelphia Location as BioLabs for Advanced Therapeutics
Philadelphia, PA - BioLabs is thrilled to announce the expansion and renaming of its Philadelphia location to BioLabs for Advanced Therapeutics. Currently under construction at the Curtis, the 30,000-square-foot incubator is set for completion by Q3 of 2025. The enhanced site will feature nine conference rooms, premium event space for life science gatherings, and a variety of specialized support labs focusing on microbiology, microscopy, process development, and more. While continuing its commitment to high-potential life science startups of all types, the newly upgraded facility will go beyond traditional coworking lab spaces by also offering an advanced suite of specialized equipment and tailored educational events designed to accelerate innovation in the advanced therapeutics sector.
A Hub for Advanced Therapeutics Collaboration
A unique highlight of Biolabs for Advanced Therapeutics will be the inclusion of Thermo Fisher Scientific’s east-coast flagship Advanced Therapies Collaboration Center (ATxCC). This embedded resource is expected to draw companies from across the eastern seaboard, providing direct access to the BioLabs community, Thermo Fisher’s expert scientists, and cutting-edge equipment for advanced therapeutics R&D and process development. A dedicated announcement detailing this collaboration will be released soon. In the meantime, please visit thermofisher.com/celltherapycollaborations to learn more about Thermo Fisher’s collaboration program.
Key Benefits for Startups
- Integrated Biotech Ecosystem – BioLabs for Advanced Therapeutics offers startups an unparalleled opportunity to connect with venture capital, industry experts, and collaborators through the global BioLabs network and the broader East Coast advanced therapeutics community.
- Accelerated Path to Patients – The site will provide a specialized suite of process development equipment, enabling startups to develop advanced therapeutics faster, more cost-effectively, and with fewer critical mistakes.
- Direct Collaboration with Thermo Fisher Scientific – Startups will have the opportunity to work directly with onsite Thermo Fisher scientists at the Advanced Therapies Collaboration Center, gaining valuable expertise in cell therapy, gene therapy, and related technologies.
- Scalability and Growth – Located in the heart of Philadelphia, the Curtis offers easy access to a cold-chain-enabled airport, public transit, and key biotech resources, ensuring seamless logistics and connectivity. Companies can scale organically from R&D to clinical-trial-ready, all in one state-of-the-art facility — and then step into cGMP space within the same building.
A Legacy of Innovation and Impact
Since its inception in 2009, BioLabs has been dedicated to fostering biotech innovation by creating optimal environments for innovators. Through fully equipped coworking lab and office spaces, robust educational programs, and strategic industry connections, BioLabs has become a launchpad for over 550 life science startups across 16 locations in the US, Europe and Japan.
In Philadelphia alone, BioLabs member companies have raised over $2 billion in funding since 2018, and 7 alumni companies have progressed to clinical trials.
Secure Your Space at BioLabs for Advanced Therapeutics
Leasing begins this spring! Early members will receive priority space reservations and first-mover pricing. Lab spaces ranging from a single bench in our shared open lab to private 23-bench graduate suites will be available by Q3 of 2025, with a limited number of spaces available immediately.
Don’t miss this opportunity to be part of a groundbreaking biotech community. Join BioLabs for Advanced Therapeutics and accelerate your journey from discovery to clinical success!
For more details or to schedule a hard-hat tour, reach out to Melina Blees, PhD, Site Head of BioLabs for Advanced Therapeutics, by completing the contact form at biolabs.io/philly
High-potential startups are encouraged to apply at connect.biolabs.io/apply",facility,"The enhanced site will feature nine conference rooms, premium event space for life science gatherings, and a variety of specialized support labs focusing on microbiology, microscopy, process development, and more."
Damon Runyon,News,funder,Damon Runyon announces newest class of SPARK Scholars,"Thu, 23 Jul 2026 15:12:55 +0000",https://www.damonrunyon.org/news/damon-runyon-announces-newest-class-spark-scholars-0,"Damon Runyon announces newest class of SPARK Scholars
The Damon Runyon Cancer Research Foundation has named the 2026 cohort of the Damon Runyon Scholars Program for Advancing Research and Knowledge (SPARK), a one-year cancer research internship for post-baccalaureate scholars. Launched in 2023, the program provides promising young talent with rigorous scientific training and a network of mentors and peers to support their next steps into graduate school and beyond.
SPARK Scholars will conduct research in the labs of current or former Damon Runyon scientists at partnering institutions around the country. Each Scholar will receive a stipend of up to $50,000, along with a living allowance and a travel stipend. Throughout the year, they will gather for unique programming to foster community among the cohort and strengthen the skills needed for a research career. They will also have the opportunity to present a poster at the annual Damon Runyon Fellows’ Retreat alongside other Damon Runyon scientists in September.
“Being surrounded by incredible scientists who took all sorts of paths to get there helped me see what options are available,” said Carli Newman, one of the inaugural SPARK Scholars and a current PhD student in the Molecular Medicine and Mechanisms of Disease program at the University of Washington. “I could better imagine myself in their shoes.”
2026 Damon Runyon SPARK Scholars
Olumide Adesioye with her mentors A. Thomas Look, MD (Former Fellowship Award Committee Member), and Nina Weichert-Leahey, MD (Damon Runyon Physician-Scientist ’23-’27), at Dana-Farber Cancer Institute, Boston
Olumide is a recent graduate of Brown University, where she majored in Immunobiology. Olumide was born and raised outside Chicago by parents who immigrated from Nigeria. After acquiring a passion for biology in her A.P. Bio class in high school, she continued her studies in the biology department at Brown, where she sought out research positions throughout her undergraduate career. Her recent senior honors thesis examined the effects of menopause on immune cell spatial distribution within the endocervix. She is looking forward to learning more about how the immune system can be exploited to fight cancer as a Damon Runyon SPARK Scholar. Olumide is a recipient of the NSF Research Experiences for Undergraduates and a Brown Undergraduate Teaching and Research Award. In her free time, she enjoys weightlifting, roller skating, photography, reading, and hair styling.
Margaret Hu with her mentor Todd Golub, MD (Damon Runyon Board Member, Damon Runyon-Rachleff Innovation Committee ’07-’16), and Mounica Vallurupalli, MD (Damon Runyon-David M. Livingston, MD, Physician-Scientist ’23-’27) at Dana-Farber Cancer Institute, Boston, and the Broad Institute, Cambridge
Margaret was born in Wisconsin and grew up in Rochester, Minnesota. She attended Carleton College in Northfield, Minnesota, majoring in Biology and Sociology/Anthropology. Margaret was first exposed to cancer research in Dr. Todd Golub’s lab, where she spent her undergraduate summers studying the tactics employed by leukemia to evade macrophage phagocytosis. This experience fostered her curiosity about cancer’s complex, ever-evolving nature and the wide range of strategies available to target this disease. She aspires to explore human disease at the most fundamental level in order to design elegant and effective new therapies. Margaret’s achievements have been recognized by the Patricia V. Damon Scholar Award from Carleton College. In her free time, she volunteers with her local hospital and patient advocacy organizations and loves to hike, play the piano, and pick up new crafting hobbies.
Aiyina Meng with her mentor K. Mark Ansel, PhD (Damon Runyon Fellow ’01-’04), at the University of California, San Francisco
Aiyina was born in Atlanta, Georgia, to Chinese immigrant parents, and has since lived in four states and three countries. She earned her B.S. in Biology and Biotechnology from Worcester Polytechnic Institute (WPI) in Worcester, Massachusetts, where she developed her research foundation as a trainee in the federally funded Undergraduate Research Training Initiative for Student Enhancement at WPI program. Driven by firsthand experiences watching loved ones navigate serious health challenges, Aiyina has long been motivated to pursue research with meaningful applications in human health and disease. Her research as an undergraduate deepened her commitment to uncovering the molecular mechanisms underlying disease. Aiyina is passionate about translating fundamental science into real-world solutions. Her goal in research is ultimately to contribute to the development of more efficient, targeted cancer therapies. Outside the lab, she enjoys reading, taking long walks, and cooking.
Deahzana Randall with her mentor Santosha A. Vardhana, MD, PhD (Damon Runyon Clinical Investigator ’23-’26, Damon Runyon-Rachleff Innovator ’22-’24), at Memorial Sloan Kettering Cancer Center, New York
Deahzana was born and raised in Detroit, Michigan. She attended the University of Michigan as a first-generation college student, earning her B.S. in Molecular, Cellular, and Developmental Biology. Her interest in a research career arose from a personal genetic discovery, which sparked her desire to understand the scientific basis of disease. As an undergraduate, Deahzana was selected as a 2025 NK & Irene Cheung Scholar and completed a summer internship in the laboratory of Dr. Santosha Vardhana at Memorial Sloan Kettering Cancer Center, where she explored mechanisms of T cell exhaustion. In the future, Deahzana hopes to attend graduate school with a goal of running her own laboratory and contributing meaningfully to the understanding of tumor progression and immune interactions. Outside of the lab, she enjoys reading, hiking, and watching anime.",prospective,SPARK Scholars will conduct research in the labs of current or former Damon Runyon scientists at partnering institutions around the country.
Damon Runyon,News,funder,Damon Runyon Cancer Research Foundation awards $4.2 million to exceptional early-career scientists,"Wed, 12 Aug 2026 15:56:01 +0000",https://www.damonrunyon.org/discovery/damon-runyon-cancer-research-foundation-awards-42-million-exceptional-early-career,"Damon Runyon Cancer Research Foundation awards $4.2 million to exceptional early-career scientists
The Damon Runyon Cancer Research Foundation has named 14 new Damon Runyon Fellows, brilliant postdoctoral scientists conducting basic and translational cancer research in the laboratories of leading senior investigators. This prestigious Fellowship encourages the nation's most promising young scientists to pursue careers in cancer research by providing them with independent funding ($300,000 total over four years) to investigate cancer causes, mechanisms, therapies, and prevention. 
“There’s so much talent and excitement and passion and energy at this stage of a scientist’s career,” said current Damon Runyon-Timmerman Traverse Fellow Antonio J. LaPorte, PhD. “To take advantage of that human spirit, we really need foundations like Damon Runyon to help out with funding.” 
“We are committed to continuing to provide financial support for these exceptional researchers, whose much-needed breakthroughs in cancer prevention, diagnostics, and therapeutics might otherwise go unfunded,” said Yung S. Lie, PhD, President and CEO of Damon Runyon. “Damon Runyon Fellows are the future leaders of their fields.” 
 
May 2026 Fellows
Nicholas Aboreden, PhD [Robertson Foundation Fellow], with his sponsor Kimberly Stegmaier, MD, at Dana-Farber Cancer Institute, Boston 
Only two percent of the human genome contains instructions for making proteins. Much of the remaining 98 percent, once referred to as “genomic dark matter,” consists of regulatory elements that act as molecular switches to turn genes on or off. These molecular switches are broadly categorized into two groups: enhancers (on-switches) and silencers (off-switches). While it is well-known that cancers exploit enhancer elements to amplify the expression of growth-promoting genes, silencers remain poorly understood. Dr. Aboreden’s research focuses on the repressive mechanisms that cancer cells use to sustain uncontrolled growth. He is mapping the regulatory genome of an aggressive type of pediatric leukemia characterized by widespread gene repression. By identifying silencer elements that these cancer cells use to maintain a malignant state, his work aims to identify new therapeutic vulnerabilities to selectively target cancer. The insights gleaned from this work will have broad relevance across diverse tumor types. Dr. Aboreden received his PhD from the University of Pennsylvania, Philadelphia, his MS from Johns Hopkins University, Baltimore, and his BS from Liberty University, Lynchburg. 
 
Shihui Chen, PhD [Timmerman Traverse Fellow], with her sponsor Magdalena Zernicka-Goetz, PhD, at the California Institute of Technology, Pasadena 
During the first days of embryogenesis, genetically identical cells begin the process of differentiation, switching genes “on” or “off” to establish distinct cell lineages that will ultimately form the embryo and supporting tissues. Aberrant reactivation of these embryonic gene regulatory programs later in life is a hallmark of many cancers. Dr. Chen’s research investigates how genetically identical cells acquire distinct fates during early mammalian development and explores the shared gene regulatory mechanisms that govern both development and cancer. Using mouse embryos as a model system, she will determine how CARM1, a regulator that is frequently overexpressed in human cancers, controls gene expression programs that drive early cell fate decisions. This work will reveal fundamental mechanisms that establish and maintain cellular identity and provide insight into how developmental pathways are hijacked during cancer initiation and progression. Dr. Chen received her PhD from the University of Southern California, Los Angeles, and her BS from Huazhong University of Science and Technology, Wuhan. 
 
Stephanie A. Gaglione, PhD [Timmerman Traverse Fellow], with her sponsor Alexander Marson, MD, PhD, at The J. David Gladstone Institutes, San Francisco
Cancer immunotherapies can be engineered to direct T cells against specific tumor antigens, but many challenging cancers lack viable targets. Recent advances suggest that an understudied source of antigens can generate strong immune responses. These cryptic antigens originate from unusual and noncoding parts of viruses and tumor genomes and may be shared between patients. Dr. Gaglione will apply cutting-edge tools to comprehensively profile the antigen landscape of virally-driven cancers, mapping which antigens are presented to the immune system and which trigger tumor-specific immune responses. This work will reveal new, potentially shared targets for T cell-based therapies, including engineered T cells and cancer vaccines. Beyond virally-driven cancers, these approaches may help identify therapeutic targets and mechanisms in other diseases with T cell involvement. Dr. Gaglione received her PhD from the Massachusetts Institute of Technology, Cambridge, her MSc from the University of Oxford, Oxford, and her BASc from the University of Toronto, Toronto. 
 
Yi Hua, PhD [Connie and Bob Lurie Fellow], with his sponsor Alice Y. Ting, PhD, at Stanford University School of Medicine, Stanford
Cell surface proteins play prominent roles in regulating immune responses and govern intercellular communications within the tumor microenvironment. To study the roles of cell surface proteins during cancer progression at exceptional molecular resolution, Dr. Hua aims to develop SortID, a novel labeling technology based on an engineered bacterial enzyme. SortID will be able to rapidly label any exposed protein residues on the cell surface, enabling precise mapping of the cell surface without pre-installed tags. To demonstrate its transformative utility, Dr. Hua will deploy SortID to map the surface of SLAMF7, a critical therapeutic target in multiple myeloma. Ultimately, SortID will provide a highly precise and comprehensive map of cell surface interactions, deepening our understanding of cancer progression and unlocking novel targets for targeted immunotherapies. Dr. Hua received his PhD from Princeton University, Princeton, and his BS from Tsinghua University, Beijing.  
 
Devon Jeltema, PhD, with her sponsor Britt A. Glaunsinger, PhD, at the University of California, Berkeley 
A family of enzymes called PARPs help cells defend against viruses and other stressors by chemically modifying other molecules. While research on PARPs has historically focused on their modification of proteins, Dr. Jeltema’s research explores the modification of RNA by PARPs. Her project aims to investigate how RNA modification affects immune responses to threats like viral infection and cancer. Using biochemical and sequencing tools to map which RNA molecules are modified, Dr. Jeltema hopes to identify a new facet of immune defense that can be harnessed to treat cancer. Dr. Jeltema received her PhD from the University of Texas Southwestern Medical Center, Dallas, and her BS from Wheaton College, Norton. 
 
Jaejin Kim, PhD [Hope Funds for Cancer Research Fellow], with his sponsor Elaine Fuchs, PhD, at The Rockefeller University, New York
Inflammatory diseases such as eczema, psoriasis, and inflammatory bowel disease often recur years later in the same places, suggesting that tissues can “remember” past insults. Such memories can be beneficial, accelerating wound healing and pathogen defense, but they can also be maladaptive, predisposing tissues to chronic inflammation and cancer. It remains unclear how this memory is preserved in stem cells that otherwise appear normal, and which features promote regeneration versus cancer. Dr. Kim aims to identify the genes and molecular mechanisms underlying tissue memory and to define their consequences for wound repair and tumorigenesis. Identifying the “bad memories” that drive tumorigenesis could open opportunities to selectively erase them—reducing cancer risk without compromising normal regeneration—and may one day help prevent inflammation-linked cancers before they arise. Dr. Kim received his PhD and BSc from Seoul National University, Seoul.  
 
Zhuoran Li, PhD [Connie and Bob Lurie Fellow], with her sponsor Katrin J. Svensson, PhD, at Stanford University, Stanford   
Changes in appetite and metabolism can affect how tumors develop, how they progress, and overall patient prognosis. Peptide hormones are small signaling molecules that help organs communicate and coordinate whole-body metabolism. Recent computational studies suggest that the brain may produce many more peptides than previously recognized—yet for most of these, we still do not know what they do, where they act, or how they work together. Dr. Li aims to identify new peptide signals produced by the brain and determine how they affect appetite and regulate metabolism. This work may reveal new brain-body signaling pathways that could ultimately help support cancer treatment and improve patient well-being. Dr. Li received her PhD from Stanford University, Stanford, and her BS from Peking University, Beijing.  
 
Rachael A. McMinimy, PhD [Connie and Bob Lurie Fellow], with her sponsor Isha Himani Jain, PhD, at The J. David Gladstone Institutes, San Francisco  
Normal cells convert glucose into energy via cellular respiration in the mitochondria, but cancer cells often rely on alternative metabolic pathways that support rapid growth. Central to this strategy is the pyruvate dehydrogenase complex, an enzymatic switch that controls how cells use glucose. Dr. McMinimy studies a newly discovered pathway that regulates this switch through selective protein degradation. By understanding and manipulating this pathway, she hopes to redirect cancer cell metabolism back toward the mitochondria, potentially slowing tumor growth. Dr. McMinimy received her PhD from the University of California, Berkeley, and her BA from Oberlin College, Oberlin. 
 
Gayathri Muthukumar, PhD [Robertson Foundation Fellow], with her sponsor Carolyn Bertozzi, PhD, at Stanford University, Stanford  
More than half of all FDA-approved biotherapeutics target proteins on the cell surface involved in intercellular communication. The vast majority of these proteins are decorated with post-translational modifications (PTMs), such as the addition of a sugar molecule, but our understanding of how individual PTMs affect communication in a disease context is poor. As aggressive tumors often have surface proteins thickly coated in sugar molecules, they are suspected to play a role in in driving oncogenic growth and tumor immune evasion. Dr. Muthukumar will map cell surface and intracellular membrane PTMs in cancer cells, and then interrogate the role each of these PTMs play in oncogenesis with precise mutational genomic screens. This will highlight the PTMs that drive tumor pathology, allowing for the development of new precision therapeutics and cancer diagnostic markers. Dr. Muthukumar received her PhD from the Massachusetts Institute of Technology, Cambridge, and her BA from Columbia University, New York. 
                                                                                                                                   
Angelos Pistofidis, PhD [Timmerman Traverse Fellow], with his sponsor Seychelle M. Vos, PhD, at the Massachusetts Institute of Technology, Cambridge 
During mitosis, two copies of the genome condense and segregate, a process catalyzed by a protein known as transcription termination factor 2 (TTF2). Mutations in TTF2 have been associated with incomplete genome segregation, DNA damage, and cell death. Research has shown that TTF2 is necessary for many cancers, making it a prime target for future cancer therapeutics. Dr. Pistofidis aims to use a combination of structural biology, biochemistry, and single-molecule biophysics to outline the molecular mechanism of TTF2. Ultimately, this work will reveal vulnerabilities in the mechanism of TTF2 that can be exploited for the development of cancer therapeutics. Dr. Pistofidis received his PhD from McGill University, Montréal, and his MSc from the University College London, London. 
 
Bailey Schultz, PhD [Timmerman Traverse Fellow], with his sponsor Jeremy Rock, PhD, at The Rockefeller University, New York 
Estimates suggest that a quarter of the world’s population has been infected with Mycobacterium tuberculosis, which causes tuberculosis (TB) and kills more people than any other pathogen. The relationship between TB and cancer is bidirectional: a history of TB is associated with a higher risk of developing cancer (especially respiratory cancers), while many cancers and chemotherapies increase the risk of contracting TB by weakening the immune system, and some immunotherapies can even reactivate dormant TB infections. Better anti-TB drugs are urgently needed, but drug development efforts have been hampered by an incomplete molecular-level understanding of how M. tuberculosis grows and divides. Dr. Schultz is using genome-wide CRISPR-based approaches to identify and study genes that regulate mycobacterial cell growth and division. His work will point to new drug targets and help anticipate possible routes of antibiotic resistance, hopefully leading to new treatments for TB that will ease its burden on cancer patients. Dr. Schultz received his PhD from Harvard University, Cambridge, and his BS from Stanford University, Stanford.  
 
Christina A. Stephens, PhD [National Mah Jongg League Fellow], with her sponsor Naomi R. Latorraca, PhD, and Ruben L. Gonzalez, Jr., PhD, at Columbia University, New York 
Solid tumors, like those commonly found in breast and lung cancers, are challenging to treat using state-of-the-art cell engineering techniques due to their heterogeneous surface proteins. There is thus a need to identify unique markers on tumor cells that can be used as molecular targets. Recently, a subclass of surface proteins known as aGPCRs has been recognized as potential markers and propagators of several cancers, but little is known about their molecular mechanism. Dr. Stephen’s research uses single-molecule microscopy coupled with molecular dynamics simulations to provide a detailed picture of the factors that control aGPCR activation. Dr. Stephens will ultimately use these assays to screen and optimize therapeutic targeting of aGPCRs implicated in cancer. Dr. Stephens received her PhD from the University of California, San Francisco, and her BS from the College of William and Mary, Williamsburg. 
 
Yang Su, PhD [Robertson Foundation Fellow], with his sponsor Samie R. Jaffrey, MD, PhD, at the Weill Medical College of Cornell University, New York
The oncogene c-MYC is a “master regulator” that drives aggressive cancer growth but is widely considered “undruggable” due to its lack of an accessible drug-binding pocket. Inside a cell, the levels of c-MYC protein are tightly controlled at both the RNA and protein levels by various chemical modifications. For example, c-MYC messenger RNA (mRNA) is frequently modified with the addition of a methyl group, which typically triggers rapid mRNA decay. Dr. Su and his colleagues recently discovered that c-MYC mRNA can also be decorated with two methyl groups, a completely new class of modification. Crucial questions remain unanswered: What is the biological impact of this modification on c-MYC? Which enzyme installs it? How does it alter c-MYC function? Dr. Su will address these questions using multidisciplinary approaches, revealing a fundamentally new mechanism of c-MYC regulation and paving the way for novel therapeutics designed to interfere with c-MYC modifications in cancer cells. Dr. Su received his PhD from the University of Georgia, Athens, and his BS from Zhejiang University, Hangzhou. 
 
Shuya Wang, PhD [Robertson Foundation Fellow], with her sponsor David S. Pellman, MD, at Dana-Farber Cancer Institute, Boston 
Even within the same tumor, cancer cells can differ in which genes they turn on or off, allowing some cells to adapt, survive treatment, or become more aggressive. These differences are often driven by changes in the epigenome, a layer of regulation that controls gene activity. Dr. Wang’s project explores the origin of epigenetic heterogeneity in cancer, focusing on the role of genome instability in driving epigenetic changes. By identifying the genes and pathways that connect these processes, she aims to better understand how cancer cells generate and maintain epigenetic heterogeneity, revealing new ways to limit tumor evolution, adaptation, and treatment resistance across all cancer types. Dr. Wang received her PhD from the University of California, Los Angeles, and her BS from Emory University, Decatur.",prospective,"The Damon Runyon Cancer Research Foundation has named 14 new Damon Runyon Fellows, brilliant postdoctoral scientists conducting basic and translational cancer research in the laboratories of leading senior investigators."
Harvard Medical School,News,med_school,"Out of One, Two","Thu, 15 Nov 2018 15:39:26 +0000",https://hms.harvard.edu/news/out-one-two,"Scientists at HMS have gleaned important insights into the molecular architecture of the bacterial cell wall–an alluring target for the development of drugs that treat antibiotic-resistant infections. In this image, the blue balls are wall-making proteins. The yellow represents a newly synthesized bacterial cell wall. The green color represents “scaffolding” proteins. Video: Janet Iwasa for Harvard Medical School
On Nov. 15, the Department of Microbiology and Immunobiology at Harvard Medical School will form two independent preclinical departments—Microbiology and Immunology.
The creation of two stand-alone academic units is the natural result of the rapidly evolving understanding of the complexity and importance of each of these fields and their numerous intersections with many other disciplines and modes of inquiry. The new structure is also aimed at propelling the growth of existing resources and the cultivation of new ones for two disciplines dealing with some of the era-defining challenges in biomedicine, School leaders said.
“Our scientists are at the forefront of tackling problems ranging from cancer and autoimmunity to drug resistance and emerging infections, and the importance of their mission cannot be overstated,” said George Q. Daley, dean of Harvard Medical School.
“The formation of two independent departments is an acknowledgement of the depth and intellectual rigor of those two scientific communities but it is also an opportunity to generate new resources and propel their work even further without sacrificing the tremendous opportunities for collaboration and synergy,” Daley added.
The Department of Immunology will be led by Arlene Sharpe, the George Fabyan Professor of Comparative Pathology and a world-renowned immunologist and expert in T cell regulation. Her work has yielded key insights into cancer’s ability to evade immune surveillance. Her discoveries, together with findings made by others, helped launch a class of new drugs that unleash the immune system to attack tumors.
Ann Hochschild, the Maude and Lillian Presley Professor of Microbiology, will be at the helm of the Department of Microbiology. Hochschild is a leading expert in bacterial transcription and the biology of prions—infectious self-propagating protein particles recently recognized as a source of non-genetic variation in microbes.
The formation of the two new departments will enable the recruitment of new faculty in each discipline, Sharpe and Hochschild said, and both departments have already initiated searches for new junior faculty.
Immunity Takes Center Stage
In many ways, Sharpe said, this is the decade of immunology and immunotherapy. Scientists are gaining increasingly deeper insights at the molecular level of the role of the immune system in disease and health. As a result, they are developing new strategies to treat and prevent a range of immune-mediated diseases, including cancer, autoimmune disorders, infectious disease, allergies and transplant rejection. The repertoire of new cancer immunotherapy treatments is a prime example.
“As immunotherapy has come of age, we are beginning to achieve the tremendous promise of discoveries in immunology for improving human health,” Sharpe said.
The immune system also is increasingly recognized for its critical role in conditions not traditionally viewed as immunologic in nature—cardiovascular disease, diabetes, obesity, and neurodegenerative conditions such as Alzheimer’s disease, among others. The unifying link appears to be inflammation—the body’s response to injury, irritation or the presence of foreign invaders such as viruses or bacteria. Unraveling precisely how inflammation drives the development of such conditions has become a central line of inquiry in immunology.
Another emerging challenge for the field is the rising incidence of immune-mediated diseases such as allergies, type 1 diabetes and inflammatory bowel disease (IBD), Sharpe said. These conditions have not only increased in frequency but are now occurring at an earlier age. For example, IBD, a serious immune-mediated intestinal inflammation once deemed a disease of young adulthood and middle age, is now seen in children as young as 3. The factors behind these trends remain unclear but most likely involve a complex interplay of genes, environment, infections and lifestyle, with immune dysregulation at the epicenter of this dynamic, Sharpe said.
The recent translation of fundamental insights into clinical therapies—such as the repertoire of new cancer immunotherapy treatments—has sparked growing multidisciplinary interests in the field of immunology. Thus, the Department of Immunology will increasingly engage with other departments, schools and institutions within the Harvard ecosystem, with clinical affiliates and beyond, Sharpe said. Doing so will help propel basic discovery and the translation of new insights into therapies.
“In all of this, the department of immunology will remain deeply rooted in fundamental inquiry to understand the basic mechanisms of immunity and their role in disease and health,” Sharpe says. “This knowledge will provide a foundation for therapeutic discovery.”
Microbiology as a pillar of modern biomedicine
Microbiology has shaped contemporaryunderstanding of the molecular processes essential to all cellular life. It has also been instrumental in the development of antibiotics, antivirals and vaccines— which are among the most transformative treatments to emerge over the last century, Hochschild said. Antibiotics, for example, have become indispensable in much of modern medicine not only for the general treatment of bacterial infections but also for infection prevention in surgery, cancer chemotherapy and organ transplantation.
Over the past decade, scientists have generated tantalizing insights into the human microbiota—the trillions of bugs that live on and inside the human body—and its role in disease and health. The microbiota, Hochschild said, represents a new frontier in microbiology. Understanding its function and elucidating the precise effects of specific bacterial organisms could help inform the development of microbially-derived therapeutic agents.
Microbiology is also a critical engine for the development of gene-modifying tools such as the gene-editor CRISPR-Cas that are reshaping all areas of biologic research and promise to transform the treatment of a range of diseases that stem from genetic aberrations.
At the same time, the field is facing daunting challenges, including drug resistance as pathogenic bacteria and viruses rapidly become impervious to common drugs. Scientists at HMS are actively working to address these challenges. For example, the recent discovery of a family of new proteins as critical “builders” of the bacterial cell wall has provided promising targets for the development of new classes of antibiotics.
Another pressing challenge for the field is the emergence of novel disease-causing organisms—think Zika—as well as the return of pathogens once deemed eradicated or at least under control, such as Ebola. Also, as a result of climate change and the increase in global travel, some pathogens—dengue, yellow fever, chikungunya—are spreading to new places and into new environments.
“All of these represent grave threats to global health and society,” Hochschild said. “Moreover, emerging infectious agents of animals and plants present significant risks for the food supply. In the context of these threats, the discipline of microbiology remains critically important as a source of transformative knowledge to facilitate the discovery of novel anti-infective drugs.”
At HMS, microbiology has had a long tradition of curiosity-driven inquiry and, Hochschild said, the new department will build on that legacy because “you just never know where the next breakthrough might come from.”",facility,"On Nov. 15, the Department of Microbiology and Immunobiology at Harvard Medical School will form two independent preclinical departments—Microbiology and Immunology."
Harvard Medical School,News,med_school,The 'Graying' of T Cells,"Thu, 13 Dec 2018 16:07:29 +0000",https://hms.harvard.edu/news/graying-t-cells,"The elderly suffer more serious complications from infections and benefit less from vaccination than the general population. Scientists have long known that a weakened immune system is to blame but the exact mechanisms behind this lagging immunity have remained largely unknown.
Now research led by investigators at Harvard Medical School suggests that weakened metabolism of immune T cells may be partly to blame.
The findings, published Dec. 10 in PNAS and based on experiments in mouse immune cells, pinpoint a specific metabolic pathway — called one-carbon metabolism — that is deficient in the aged T cells of rodents. The work also suggests possible ways to restore weakened immune function with the use of small-molecule compounds that boost T-cell performance.
“We believe our findings may help explain the basic malfunction that drives loss of immune defenses with age,” said senior study author Marcia Haigis, professor of cell biology in the Blavatnik Institute at Harvard Medical School. “If affirmed in further studies, we hope that our findings can set the stage for the development of therapies to improve immune function.”
The role of T cells in the immune system is twofold: attacking illness-causing cells like bacteria, viruses and cancer and “remembering” past invaders—the body’s way of ensuring that it can spot a threat and mount a rapid defense during subsequent encounters with the same pathogens.
In a healthy person, T cells circulate in the blood and quietly scan the body for threats using proteins on the cell’s surface. If a T cell encounters another cell it deems dangerous, the T cell undergoes activation, a molecular cascade in which it switches from surveillance mode to attack mode. The activated cells then rapidly replicate to build an army and destroy the enemy.
First, the researchers looked for overall differences between old and young T cells. They isolated T cells from the spleens of young and old mice and noticed that, in general, older mice had fewer T cells. Next, to gauge the cells’ immune fitness, the researchers activated the T cells by mimicking signals normally turned on by pathogens during infection.
The older T cells showed diminished activation and overall function in response to these alarm signals. Specifically, they grew more slowly, secreted fewer immune-signaling molecules and died at a much faster rate than young T cells. The researchers also observed that aged T cells had lower metabolism, consumed less oxygen and broke down sugars less efficiently. They also had smaller than normal mitochondria, the cells’ power-generators that keep them alive.
It was as if these older immune cells had lost their “appetite” and their ability to process fuel into energy, Haigis and her colleagues observed.
To pinpoint the metabolic pathways behind this malfunction, the scientists analyzed all the different proteins in the cells, including those that might be important for coaxing a T cell from dormancy into a fighting state. The team found that the levels of some 150 proteins were lower-than-normal upon activation of the aged T cells, compared with young T cells.
About 40 proteins showed higher than normal levels in aged versus young T cells. Many of these proteins have unknown functions, but the researchers found that proteins involved a specific type of metabolism, called one-carbon metabolism, were reduced by nearly 35 percent in aged T cells.
One-carbon metabolism comprises a set of chemical reactions that take place in the cell’s mitochondria and the cell cytosol to produce amino acids and nucleotides, the building blocks of proteins and DNA. This process is critical for cellular replication because it supplies the biologic material for building new cells.
The team’s previous work had shown that one-carbon metabolism plays a central role in supplying essential biological building blocks for the growing army of T cells during infection. So, the scientists wondered, could adding the products of this pathway to weakened T cells restore their fitness and function?
To test this hypothesis, the team added two molecules—formate and glycine, the main products of one-carbon metabolism—whose levels were markedly reduced in aged T cells. Indeed, adding the molecules boosted T cell proliferation and reduced cell death to normal levels.
The researchers caution that while encouraging, the effects were observed solely in mouse cells in lab dishes rather than in animals and must be confirmed in further experiments.
Additional authors on the study included Noga Ron-Harel, Giulia Notarangelo, Jonathan Ghergurovich, Joao Paulo, Peter Sage, Daniel Santos, F. Kyle Satterstrom, Steven Gygi, Joshua Rabinowitz and Arlene Sharpe.
This work was supported by grants from F. Hoffmann-La Roche, the Glenn Foundation for Medical Research, National Institutes of Health (grant R01CA213062), a postdoctoral fellowship from the EMBO (European Molecular Biology Organization) and by the Israeli National Postdoctoral Award Program for Advancing Women In Science.",not_relevant,"On Nov. 15, the Department of Microbiology and Immunobiology at Harvard Medical School will form two independent preclinical departments—Microbiology and Immunology."
MIT,Biology,university,MIT affiliates elected to the American Academy of Arts and Sciences for 2026,"Wed, 22 Apr 2026 16:00:00 -0400",https://news.mit.edu/2026/mit-affiliates-elected-american-academy-arts-and-sciences-0422,"Four MIT faculty members are among the roughly 250 leaders from academia, the arts, industry, public policy, and research elected to the American Academy of Arts and Sciences, the academy announced April 22. Thirteen additional MIT alumni were also honored.
One of the nation’s most prestigious honorary societies, the academy is also a leading center for independent policy research. Members contribute to academy publications, as well as studies of science and technology policy, energy and global security, social policy and American institutions, the humanities and culture, and education.
MIT faculty elected from MIT in 2026 are:
- Isaiah Andrews PhD ’14, Charles E. and Susan T. Harris Professor of Economics;
- David Atkin, Barton L. Weller (1940) Professor of Economics;
- Pablo Jarillo-Herrero, Cecil and Ida Green Professor of Physics; and
- Benjamin Paul Weiss, Robert R. Shrock Professor of Earth and Planetary Sciences
MIT alumni elected this year include Mark Aguiar PhD ’99 (Economics); Mark G. Allen SM ’86, PhD ’89 (Chemical Engineering); Magdalena Balazinska PhD ’06 (EECS); Keren Bergman SM ’91, PhD ’94 (EECS); Sara Cherry PhD ’00 (Biology); Cynthia J. Ebinger SM ’86, PhD ’88 (EAPS); Charles L. Epstein ’78 (Mathematics); Shanhui Fan PhD ’97 (Physics); Atif Mian ’96, PhD ’01 (Mathematics with Computer Science and Economics); Sarah E. O'Connor PhD ’01 (Chemistry); Darryll J. Pines SM ’88, PhD ’92 (Mechanical Engineering); Phillip (Terry) Ragon ’72 (Physics); and Mansour Shayegan ’79, EE ’81, SM ’81, PhD ’83 (Electrical Engineering).
“We celebrate the achievement of each new member and the collective breadth and depth of their excellence – this is a fitting commemoration of the nation’s 250th anniversary,” said Academy President Laurie Patton.
Since its founding in 1780, the academy has elected leading thinkers from each generation, including George Washington and Benjamin Franklin in the 18th century, Maria Mitchell and Daniel Webster in the 19th century, and Toni Morrison and Albert Einstein in the 20th century. The current membership includes more than 250 Nobel and Pulitzer Prize winners.",not_relevant,
MIT,Biology,university,MIT Quantum Initiative launches postdoctoral fellowship program,"Mon, 31 Aug 2026 15:30:00 -0400",https://news.mit.edu/2026/mit-quantum-initiative-launches-postdoctoral-fellowship-0831,"The MIT Quantum Initiative (QMIT) has launched a new postdoctoral fellowship program to accelerate interdisciplinary quantum research and develop the next generation of scientific leaders working at the frontiers of quantum science and technology.
Supported by a grant from the Gordon and Betty Moore Foundation, the program reflects QMIT’s vision of expanding the boundaries of quantum science by encouraging researchers to connect quantum approaches with other disciplines and emerging applications.
As opportunities in quantum research expand, investing in outstanding early-career researchers has never been more important. These fellowships are designed to help cultivate the next generation of quantum leaders, providing the resources and collaborative environment needed to advance transformative research at MIT.
“Quantum science and technology is in a period of extraordinary opportunity, opening new pathways to solving problems across computation, materials, sensing, and communication. Programs like this help MIT attract outstanding researchers whose ideas will shape the future of the field,” says Anantha Chandrakasan, MIT provost and the Vannevar Bush Professor of Electrical Engineering and Computer Science.
Launched in December 2025 as an MIT strategic initiative, QMIT brings together researchers from across the Institute to accelerate quantum discovery and apply quantum advances to some of society’s most consequential scientific, technological, industrial, and national security challenges.
“Quantum science is becoming increasingly interdisciplinary,” says Danna Freedman, the Frederick George Keyes Professor of Chemistry and faculty director of QMIT. “Some of the most exciting breakthroughs will come from researchers who combine deep expertise in quantum with new perspectives from other fields. This fellowship is designed to create exactly those kinds of opportunities.”
The QMIT Fellowship is intentionally designed to foster an interdisciplinary research community. Eligible applicants are outstanding quantum researchers working in a range of fields across physics, chemistry and materials science, and fundamental aspects of biological and Earth sciences. The program specifically seeks researchers whose work combines deep expertise in quantum science with a willingness to explore new intellectual frontiers.
One example of the interdisciplinary vision behind the program is the possibility of applying quantum systems to better understand biological processes, bringing together expertise in atomic physics, quantum algorithms, and biology. The fellows will be embedded across the research areas that define QMIT, including quantum computing, quantum sensing and precision measurement, quantum materials, quantum simulation, and quantum networks. Their research may also explore emerging interdisciplinary approaches that combine artificial intelligence and quantum science.
Fellows supported through the program will join MIT’s extensive quantum ecosystem, working alongside researchers across the Institute, including those affiliated with the Research Laboratory of Electronics, MIT Lincoln Laboratory, the Department of Physics, the Department of Electrical Engineering and Computer Science, the MIT-Harvard Center for Ultracold Atoms, and numerous interdisciplinary research centers and laboratories.
Beyond supporting individual research projects, the fellowship program is intended to strengthen the broader quantum community at MIT by fostering collaboration, mentorship, and intellectual exchange across disciplines.
“Quantum research, in the next few years and across a wide range of domains, is going to make the impossible possible,” says Ian Waitz, MIT’s vice president for research and the head of QMIT. “The QMIT fellowship program is an investment in outstanding postdoctoral scholars who will help bring tremendous new quantum capabilities to unforeseen, creative, and transformative applications in science and technology.”
The inaugural QMIT Fellows will begin their appointments during the 2026 academic year. QMIT expects to open applications for a new cohort in fall 2026 as it continues building a community of researchers working across disciplines to advance the future of quantum science.",prospective,The MIT Quantum Initiative (QMIT) has launched a new postdoctoral fellowship program to accelerate interdisciplinary quantum research and develop the next generation of scientific leaders working at the frontiers of quantum science and technology
MIT,Faculty,university,"School of Humanities, Arts, and Social Sciences welcomes six new faculty for 2026","Fri, 17 Jul 2026 13:45:00 -0400",https://news.mit.edu/2026/school-humanities-arts-and-social-sciences-welcomes-six-new-faculty-0717,"The MIT School of Humanities, Arts, and Social Sciences (SHASS) and Dean Agustín Rayo recently welcomed six new professors to the MIT community. They arrive with diverse backgrounds and vast knowledge in their areas of research.
Grisha Coleman is a full professor in the Music and Theater Arts Section. Her research explores tensions between our physiological, technological, and ecological systems; human movement, our machines, and the places we inhabit. Her practice engages an interdisciplinary approach to these explorations. Coleman received the Doris Duke Foundation’s Performing Arts Technologies Lab Award. Her work has been supported by Carnegie Mellon University’s STUDIO for Creative Inquiry, Creative Capital, the Jerome Foundation, MacDowell, the MAP Fund, the National Endowment for the Arts, the New York Foundation for the Arts, Pioneer Works, the Rockefeller Foundation Bellagio Center, Stanford University’s Mohr Visiting Artist program, and the Surdna Foundation. Coleman was previously a professor at Northeastern University and an associate professor at Arizona State University. She earned an MFA in music composition and integrated media from California Institute of the Arts.
Tung-Hui Hu is an associate professor with tenure in the Comparative Media Studies/Writing program. A poet and a scholar of digital media, he is the author of five books, most recently “Digital Lethargy: Dispatches from an Age of Disconnection” (MIT Press, 2022), “A Prehistory of the Cloud” (MIT Press, 2015), and “Greenhouses, Lighthouses” (Copper Canyon Press, 2013). Hu is interested in how concepts such as race and normal language became measurable, governable objects in the form of datasets. His research on data centers, artificial intelligence, burnout, and visual art has been featured in places such as CBS News, BBC Radio 4, WIRED, and MoMA R&D. He has been awarded fellowships from the American Academy in Rome, the National Endowment for the Arts, and the American Academy in Berlin. Prior to joining MIT, he was a faculty member at the University of Michigan.
Claire Luchette is an assistant professor in the Comparative Media Studies/Writing program. Luchette is the author of the novel “Agatha of Little Neon.” The winner of a Whiting Award and a National Book Foundation 5 Under 35 Honoree, Luchette has received fellowships from the Harvard Radcliffe Institute, the New York Public Library's Cullman Center for Scholars and Writers, MacDowell, Yaddo, and the National Endowment for the Arts. Their writing appears in Best American Short Stories, Ploughshares, and the Pushcart Prize anthology. Their second novel, “Swans,” and a story collection, “Big Whoop,” are forthcoming.
Shota Momma is an associate professor in the Department of Linguistics and Philosophy. Momma is a specialist in psycholinguistics and its interaction with linguistic theory — with a particular focus on the mechanisms of sentence production. Previously, Momma taught as an assistant professor at the University of Massachusetts Amherst. He earned a PhD in linguistics from the University of Maryland and completed a postdoctoral fellowship at the University of California San Diego.
Lindsey Raymond PhD ’24 is an assistant professor in the Department of Economics, holding an MIT Schwarzman College of Computing shared position with the Department of Electrical Engineering and Computer Science. Her research examines how new technologies shape labor markets and market competition, and how insights from economics can inform algorithm design. She is a Schmidt Sciences AI2050 Early Career Fellow and served as a staff economist at the White House Council of Economic Advisers in 2021–22. Before joining MIT, Raymond was a postdoc at Microsoft Research. She earned her PhD from MIT and her BA from Yale University.
Makoto Harris Takao is the Class of 1957 Career Development Professor in the Music and Theater Arts Section. Working at the intersection of cultural history, religious studies, and musicology, Takao maps Japan’s entanglement with other world regions over the past 500 years. His current book project, “The Clef and the Cross: Music and Kirishitan Transculturation in Sixteenth-Century Japan,” asks what early modern Japanese Catholicism sounded like and how it was understood and expressed through Buddhist frameworks of sound, music, and movement. His work to date has appeared in such venues as Early Music, Journal of Music History Pedagogy, Journal of Religious History, Journal of Jesuit Studies, Zeithistorische Forschungen, and Oxford Bibliographies in Music. A player of the viola da gamba, Takao completed a joint PhD in history and musicology at the University of Western Australia. Before joining MIT, he was an assistant professor of musicology at the University of Illinois at Urbana-Champaign.",prospective,six new professors to the MIT community. They arrive with diverse backgrounds and vast knowledge in their areas of research. 
